<?xml version="1.0" encoding="UTF-8"?>
<gesmes:Envelope xmlns:gesmes="http://www.gesmes.org/xml/2002-08-01" xmlns="http://www.ecb.int/vocabulary/2002-08-01/eurofxref">
	<gesmes:subject>Reference rates</gesmes:subject>
	<gesmes:Sender>
		<gesmes:name>European Central Bank</gesmes:name>
	</gesmes:Sender>
	<Cube>
		<Cube time='2010-07-28'>
			<Cube currency='USD' rate='1.2992'/>
			<Cube currency='JPY' rate='114.01'/>
			<Cube currency='BGN' rate='1.9558'/>
			<Cube currency='CZK' rate='24.985'/>
			<Cube currency='DKK' rate='7.4520'/>
			<Cube currency='EEK' rate='15.6466'/>
			<Cube currency='GBP' rate='0.83395'/>
			<Cube currency='HUF' rate='282.24'/>
			<Cube currency='LTL' rate='3.4528'/>
			<Cube currency='LVL' rate='0.7091'/>
			<Cube currency='PLN' rate='4.0070'/>
			<Cube currency='RON' rate='4.2545'/>
			<Cube currency='SEK' rate='9.4795'/>
			<Cube currency='CHF' rate='1.3760'/>
			<Cube currency='NOK' rate='7.9810'/>
			<Cube currency='HRK' rate='7.2447'/>
			<Cube currency='RUB' rate='39.2970'/>
			<Cube currency='TRY' rate='1.9646'/>
			<Cube currency='AUD' rate='1.4518'/>
			<Cube currency='BRL' rate='2.2957'/>
			<Cube currency='CAD' rate='1.3391'/>
			<Cube currency='CNY' rate='8.8060'/>
			<Cube currency='HKD' rate='10.0901'/>
			<Cube currency='IDR' rate='11694.93'/>
			<Cube currency='INR' rate='60.7510'/>
			<Cube currency='KRW' rate='1538.50'/>
			<Cube currency='MXN' rate='16.4628'/>
			<Cube currency='MYR' rate='4.1464'/>
			<Cube currency='NZD' rate='1.7801'/>
			<Cube currency='PHP' rate='59.526'/>
			<Cube currency='SGD' rate='1.7740'/>
			<Cube currency='THB' rate='41.906'/>
			<Cube currency='ZAR' rate='9.5517'/>
		</Cube>
	</Cube>
</gesmes:Envelope>